{
    "baseline_model": "xgboost",
    "baseline_metrics": {
        "train_accuracy_mean": 0.9255711775043937,
        "val_accuracy_mean": 0.6965436438195665,
        "train_f1_mean": 0.9255751616398559,
        "val_f1_mean": 0.6938643673780331,
        "accuracy_mean": 0.6965436438195665,
        "precision_mean": 0.6949986172658028,
        "recall_mean": 0.6965436438195665,
        "f1_mean": 0.6938643673780331,
        "roc_auc_mean": 0.8591090638777693
    },
    "tuned_models": {
        "logistic_regression_tuned": {
            "best_params": {
                "model__C": 1.0,
                "model__penalty": "l2"
            },
            "best_cv_f1": 0.5306212077008681
        },
        "random_forest_tuned": {
            "best_params": {
                "model__n_estimators": 300,
                "model__min_samples_split": 5,
                "model__min_samples_leaf": 2,
                "model__max_depth": null
            },
            "best_cv_f1": 0.6903956865090467
        },
        "neural_network_tuned": {
            "best_params": {
                "model__learning_rate_init": 0.005,
                "model__hidden_layer_sizes": [
                    256,
                    128
                ],
                "model__alpha": 0.01
            },
            "best_cv_f1": 0.5781740902882191
        },
        "xgboost_tuned": {
            "best_params": {
                "n_estimators": 199,
                "max_depth": 6,
                "learning_rate": 0.0691180155480546,
                "subsample": 0.7394720705947921,
                "colsample_bytree": 0.9125105706234123,
                "reg_alpha": 0.016355205613993506,
                "reg_lambda": 1.9447365789430948
            },
            "best_cv_f1": 0.6926751370818047
        }
    },
    "best_model": "xgboost_tuned",
    "best_model_params": {
        "n_estimators": 199,
        "max_depth": 6,
        "learning_rate": 0.0691180155480546,
        "subsample": 0.7394720705947921,
        "colsample_bytree": 0.9125105706234123,
        "reg_alpha": 0.016355205613993506,
        "reg_lambda": 1.9447365789430948
    },
    "best_model_cv_f1": 0.6926751370818047,
    "best_model_test_metrics": {
        "accuracy": 0.7012302284710018,
        "precision": 0.7011450248687566,
        "recall": 0.7012302284710018,
        "f1_score": 0.6992893132817478,
        "roc_auc": 0.8520833613617509
    },
    "bias_variance_analysis": {
        "train_f1_mean": 0.881061647243944,
        "val_f1_mean": 0.6926751370818047,
        "train_accuracy_mean": 0.8810193321616872,
        "val_accuracy_mean": 0.6951376684241359
    }
}