{
    "cross_validation_results": {
        "logistic_regression": {
            "accuracy_mean": 0.5866432337434094,
            "precision_weighted_mean": 0.6502638194776779,
            "recall_weighted_mean": 0.5866432337434094,
            "f1_weighted_mean": 0.6109575247703657,
            "f1_macro_mean": 0.5090442088388271,
            "roc_auc_ovr_mean": 0.8191908230121964
        },
        "random_forest": {
            "accuracy_mean": 0.6876391329818394,
            "precision_weighted_mean": 0.6864244341746872,
            "recall_weighted_mean": 0.6876391329818394,
            "f1_weighted_mean": 0.6850540493284725,
            "f1_macro_mean": 0.5777290048455861,
            "roc_auc_ovr_mean": 0.8603290110473509
        },
        "neural_network": {
            "accuracy_mean": 0.621675454012888,
            "precision_weighted_mean": 0.6238402044174005,
            "recall_weighted_mean": 0.621675454012888,
            "f1_weighted_mean": 0.6221626801074259,
            "f1_macro_mean": 0.5144963615782892,
            "roc_auc_ovr_mean": 0.8000378427816607
        },
        "xgboost": {
            "accuracy_mean": 0.6919742237844172,
            "precision_weighted_mean": 0.6905379527137665,
            "recall_weighted_mean": 0.6919742237844172,
            "f1_weighted_mean": 0.6905971117120109,
            "f1_macro_mean": 0.5736394298318349,
            "roc_auc_ovr_mean": 0.8632334172906775
        }
    },
    "best_model": "xgboost",
    "best_model_test_metrics": {
        "accuracy": 0.6918570591681312,
        "precision_weighted": 0.6906564694790072,
        "recall_weighted": 0.6918570591681312,
        "f1_weighted": 0.6909167047163215,
        "f1_macro": 0.566867781249317,
        "roc_auc_ovr": 0.8556373076982737
    }
}